Year,Month,Year-Month,Area name,Area Type,Borough_SNT,Area code,Offence Group,Predicted Crime Count
2025,1,2025-01,Barking and Dagenham,Borough,Barking and Dagenham,E09000002,ARSON AND CRIMINAL DAMAGE,124.04
2025,1,2025-01,Barking and Dagenham,Borough,Barking and Dagenham,E09000002,PUBLIC ORDER OFFENCES,8.17
2025,1,2025-01,Barking and Dagenham,Borough,Barking and Dagenham,E09000002,PUBLIC ORDER OFFENCES,4.71
2025,1,2025-01,Barking and Dagenham,Borough,Barking and Dagenham,E09000002,PUBLIC ORDER OFFENCES,71.44
2025,1,2025-01,Barking and Dagenham,Borough,Barking and Dagenham,E09000002,SEXUAL OFFENCES,27.89
2025,1,2025-01,Barking and Dagenham,Borough,Barking and Dagenham,E09000002,SEXUAL OFFENCES,16.25
2025,1,2025-01,Barking and Dagenham,Borough,Barking and Dagenham,E09000002,VEHICLE OFFENCES,27.94
2025,1,2025-01,Barking and Dagenham,Borough,Barking and Dagenham,E09000002,VIOLENCE AGAINST THE PERSON,28.55
2025,1,2025-01,Barnet,Borough,Barnet,E09000003,ARSON AND CRIMINAL DAMAGE,141.77
2025,1,2025-01,Barnet,Borough,Barnet,E09000003,ARSON AND CRIMINAL DAMAGE,6.15
2025,1,2025-01,Barnet,Borough,Barnet,E09000003,ROBBERY,1.97
2025,1,2025-01,Barnet,Borough,Barnet,E09000003,THEFT,9.15
2025,1,2025-01,Barnet,Borough,Barnet,E09000003,THEFT,2.53
2025,1,2025-01,Barnet,Borough,Barnet,E09000003,THEFT,201.56
2025,1,2025-01,Barnet,Borough,Barnet,E09000003,VEHICLE OFFENCES,3.36
2025,1,2025-01,Bexley,Borough,Bexley,E09000004,BURGLARY,74.45
2025,1,2025-01,Bexley,Borough,Bexley,E09000004,PUBLIC ORDER OFFENCES,3.26
2025,1,2025-01,Bexley,Borough,Bexley,E09000004,THEFT,16.85
2025,1,2025-01,Brent,Borough,Brent,E09000005,ARSON AND CRIMINAL DAMAGE,11.06
2025,1,2025-01,Brent,Borough,Brent,E09000005,BURGLARY,131.79
2025,1,2025-01,Brent,Borough,Brent,E09000005,ROBBERY,1.42
2025,1,2025-01,Brent,Borough,Brent,E09000005,ROBBERY,2.32
2025,1,2025-01,Brent,Borough,Brent,E09000005,SEXUAL OFFENCES,35.66
2025,1,2025-01,Brent,Borough,Brent,E09000005,SEXUAL OFFENCES,2.54
2025,1,2025-01,Brent,Borough,Brent,E09000005,THEFT,196.17
2025,1,2025-01,Brent,Borough,Brent,E09000005,VEHICLE OFFENCES,110.93
2025,1,2025-01,Brent,Borough,Brent,E09000005,VIOLENCE AGAINST THE PERSON,503.69
2025,1,2025-01,Bromley,Borough,Bromley,E09000006,MISCELLANEOUS CRIMES AGAINST SOCIETY,6.29
2025,1,2025-01,Bromley,Borough,Bromley,E09000006,PUBLIC ORDER OFFENCES,2.84
2025,1,2025-01,Bromley,Borough,Bromley,E09000006,THEFT,189.91
2025,1,2025-01,Bromley,Borough,Bromley,E09000006,THEFT,48.74
2025,1,2025-01,Bromley,Borough,Bromley,E09000006,THEFT,1.25
2025,1,2025-01,Bromley,Borough,Bromley,E09000006,VEHICLE OFFENCES,149.34
2025,1,2025-01,Bromley,Borough,Bromley,E09000006,VIOLENCE AGAINST THE PERSON,183.19
2025,1,2025-01,Bromley,Borough,Bromley,E09000006,VIOLENCE AGAINST THE PERSON,32.38
2025,1,2025-01,Camden,Borough,Camden,E09000007,BURGLARY,19.62
2025,1,2025-01,Camden,Borough,Camden,E09000007,BURGLARY,124.8
2025,1,2025-01,Camden,Borough,Camden,E09000007,BURGLARY,5.25
2025,1,2025-01,Camden,Borough,Camden,E09000007,DRUG OFFENCES,101.75
2025,1,2025-01,Camden,Borough,Camden,E09000007,DRUG OFFENCES,5.2
2025,1,2025-01,Camden,Borough,Camden,E09000007,MISCELLANEOUS CRIMES AGAINST SOCIETY,13.86
2025,1,2025-01,Camden,Borough,Camden,E09000007,POSSESSION OF WEAPONS,13.45
2025,1,2025-01,Camden,Borough,Camden,E09000007,SEXUAL OFFENCES,2.57
2025,1,2025-01,Camden,Borough,Camden,E09000007,THEFT,11.55
2025,1,2025-01,Camden,Borough,Camden,E09000007,VEHICLE OFFENCES,1.13
2025,1,2025-01,Croydon,Borough,Croydon,E09000008,MISCELLANEOUS CRIMES AGAINST SOCIETY,9.25
2025,1,2025-01,Croydon,Borough,Croydon,E09000008,PUBLIC ORDER OFFENCES,30.2
2025,1,2025-01,Croydon,Borough,Croydon,E09000008,PUBLIC ORDER OFFENCES,3.56
2025,1,2025-01,Croydon,Borough,Croydon,E09000008,ROBBERY,125.91
2025,1,2025-01,Croydon,Borough,Croydon,E09000008,SEXUAL OFFENCES,1.62
2025,1,2025-01,Croydon,Borough,Croydon,E09000008,SEXUAL OFFENCES,34.58
2025,1,2025-01,Croydon,Borough,Croydon,E09000008,THEFT,3.84
2025,1,2025-01,Croydon,Borough,Croydon,E09000008,VEHICLE OFFENCES,4.15
2025,1,2025-01,Croydon,Borough,Croydon,E09000008,VEHICLE OFFENCES,42.03
2025,1,2025-01,Croydon,Borough,Croydon,E09000008,VIOLENCE AGAINST THE PERSON,1.08
2025,1,2025-01,Croydon,Borough,Croydon,E09000008,VIOLENCE AGAINST THE PERSON,276.43
2025,1,2025-01,Ealing,Borough,Ealing,E09000009,ARSON AND CRIMINAL DAMAGE,7.03
2025,1,2025-01,Ealing,Borough,Ealing,E09000009,BURGLARY,55.33
2025,1,2025-01,Ealing,Borough,Ealing,E09000009,FRAUD AND FORGERY,2.2
2025,1,2025-01,Ealing,Borough,Ealing,E09000009,ROBBERY,2.31
2025,1,2025-01,Ealing,Borough,Ealing,E09000009,ROBBERY,5.1
2025,1,2025-01,Ealing,Borough,Ealing,E09000009,SEXUAL OFFENCES,37.53
2025,1,2025-01,Ealing,Borough,Ealing,E09000009,SEXUAL OFFENCES,1.68
2025,1,2025-01,Ealing,Borough,Ealing,E09000009,THEFT,29.51
2025,1,2025-01,Ealing,Borough,Ealing,E09000009,THEFT,61.67
2025,1,2025-01,Ealing,Borough,Ealing,E09000009,VEHICLE OFFENCES,2.9
2025,1,2025-01,Ealing,Borough,Ealing,E09000009,VIOLENCE AGAINST THE PERSON,1.06
2025,1,2025-01,Ealing,Borough,Ealing,E09000009,VIOLENCE AGAINST THE PERSON,224.53
2025,1,2025-01,Enfield,Borough,Enfield,E09000010,BURGLARY,7.05
2025,1,2025-01,Enfield,Borough,Enfield,E09000010,DRUG OFFENCES,67.11
2025,1,2025-01,Enfield,Borough,Enfield,E09000010,MISCELLANEOUS CRIMES AGAINST SOCIETY,29.1
2025,1,2025-01,Enfield,Borough,Enfield,E09000010,POSSESSION OF WEAPONS,18.07
2025,1,2025-01,Enfield,Borough,Enfield,E09000010,PUBLIC ORDER OFFENCES,97.26
2025,1,2025-01,Enfield,Borough,Enfield,E09000010,PUBLIC ORDER OFFENCES,21.5
2025,1,2025-01,Enfield,Borough,Enfield,E09000010,ROBBERY,14.65
2025,1,2025-01,Enfield,Borough,Enfield,E09000010,THEFT,11.62
2025,1,2025-01,Enfield,Borough,Enfield,E09000010,THEFT,227.62
2025,1,2025-01,Enfield,Borough,Enfield,E09000010,THEFT,8.43
2025,1,2025-01,Greenwich,Borough,Greenwich,E09000011,BURGLARY,3
2025,1,2025-01,Greenwich,Borough,Greenwich,E09000011,ROBBERY,15.72
2025,1,2025-01,Hackney,Borough,Hackney,E09000012,PUBLIC ORDER OFFENCES,108.5
2025,1,2025-01,Hackney,Borough,Hackney,E09000012,PUBLIC ORDER OFFENCES,2.64
2025,1,2025-01,Hackney,Borough,Hackney,E09000012,PUBLIC ORDER OFFENCES,38.06
2025,1,2025-01,Hackney,Borough,Hackney,E09000012,SEXUAL OFFENCES,15.51
2025,1,2025-01,Hackney,Borough,Hackney,E09000012,THEFT,2.09
2025,1,2025-01,Hackney,Borough,Hackney,E09000012,THEFT,136.58
2025,1,2025-01,Hackney,Borough,Hackney,E09000012,THEFT,1.67
2025,1,2025-01,Hackney,Borough,Hackney,E09000012,VIOLENCE AGAINST THE PERSON,1.1
2025,1,2025-01,Hackney,Borough,Hackney,E09000012,VIOLENCE AGAINST THE PERSON,487.41
2025,1,2025-01,Hammersmith and Fulham,Borough,Hammersmith and Fulham,E09000013,DRUG OFFENCES,2.32
2025,1,2025-01,Hammersmith and Fulham,Borough,Hammersmith and Fulham,E09000013,ROBBERY,53.01
2025,1,2025-01,Hammersmith and Fulham,Borough,Hammersmith and Fulham,E09000013,VEHICLE OFFENCES,52.32
2025,1,2025-01,Haringey,Borough,Haringey,E09000014,BURGLARY,107.38
2025,1,2025-01,Haringey,Borough,Haringey,E09000014,DRUG OFFENCES,46.53
2025,1,2025-01,Haringey,Borough,Haringey,E09000014,MISCELLANEOUS CRIMES AGAINST SOCIETY,4.93
2025,1,2025-01,Haringey,Borough,Haringey,E09000014,PUBLIC ORDER OFFENCES,29.06
2025,1,2025-01,Haringey,Borough,Haringey,E09000014,THEFT,245.4
2025,1,2025-01,Haringey,Borough,Haringey,E09000014,THEFT,2.05
2025,1,2025-01,Haringey,Borough,Haringey,E09000014,THEFT,107.67
2025,1,2025-01,Haringey,Borough,Haringey,E09000014,VEHICLE OFFENCES,24.82
2025,1,2025-01,Haringey,Borough,Haringey,E09000014,VIOLENCE AGAINST THE PERSON,1.03
2025,1,2025-01,Harrow,Borough,Harrow,E09000015,BURGLARY,85.98
2025,1,2025-01,Harrow,Borough,Harrow,E09000015,DRUG OFFENCES,18.06
2025,1,2025-01,Harrow,Borough,Harrow,E09000015,DRUG OFFENCES,2.19
2025,1,2025-01,Harrow,Borough,Harrow,E09000015,POSSESSION OF WEAPONS,11.92
2025,1,2025-01,Harrow,Borough,Harrow,E09000015,POSSESSION OF WEAPONS,5.98
2025,1,2025-01,Harrow,Borough,Harrow,E09000015,PUBLIC ORDER OFFENCES,54.55
2025,1,2025-01,Harrow,Borough,Harrow,E09000015,PUBLIC ORDER OFFENCES,3.12
2025,1,2025-01,Harrow,Borough,Harrow,E09000015,SEXUAL OFFENCES,19
2025,1,2025-01,Harrow,Borough,Harrow,E09000015,THEFT,3.04
2025,1,2025-01,Harrow,Borough,Harrow,E09000015,THEFT,142.16
2025,1,2025-01,Harrow,Borough,Harrow,E09000015,THEFT,6.75
2025,1,2025-01,Harrow,Borough,Harrow,E09000015,VEHICLE OFFENCES,26.64
2025,1,2025-01,Havering,Borough,Havering,E09000016,BURGLARY,2.63
2025,1,2025-01,Havering,Borough,Havering,E09000016,MISCELLANEOUS CRIMES AGAINST SOCIETY,21.52
2025,1,2025-01,Havering,Borough,Havering,E09000016,PUBLIC ORDER OFFENCES,20.58
2025,1,2025-01,Havering,Borough,Havering,E09000016,SEXUAL OFFENCES,2.33
2025,1,2025-01,Havering,Borough,Havering,E09000016,THEFT,173.99
2025,1,2025-01,Havering,Borough,Havering,E09000016,VIOLENCE AGAINST THE PERSON,19.78
2025,1,2025-01,Hillingdon,Borough,Hillingdon,E09000017,BURGLARY,28.38
2025,1,2025-01,Hillingdon,Borough,Hillingdon,E09000017,BURGLARY,4.65
2025,1,2025-01,Hillingdon,Borough,Hillingdon,E09000017,DRUG OFFENCES,41.99
2025,1,2025-01,Hillingdon,Borough,Hillingdon,E09000017,FRAUD AND FORGERY,2.62
2025,1,2025-01,Hillingdon,Borough,Hillingdon,E09000017,PUBLIC ORDER OFFENCES,14.61
2025,1,2025-01,Hillingdon,Borough,Hillingdon,E09000017,SEXUAL OFFENCES,16.72
2025,1,2025-01,Hillingdon,Borough,Hillingdon,E09000017,SEXUAL OFFENCES,2.25
2025,1,2025-01,Hillingdon,Borough,Hillingdon,E09000017,VEHICLE OFFENCES,1.19
2025,1,2025-01,Hillingdon,Borough,Hillingdon,E09000017,VEHICLE OFFENCES,222.09
2025,1,2025-01,Hounslow,Borough,Hounslow,E09000018,ARSON AND CRIMINAL DAMAGE,153.06
2025,1,2025-01,Hounslow,Borough,Hounslow,E09000018,ARSON AND CRIMINAL DAMAGE,4.19
2025,1,2025-01,Hounslow,Borough,Hounslow,E09000018,PUBLIC ORDER OFFENCES,3.18
2025,1,2025-01,Hounslow,Borough,Hounslow,E09000018,THEFT,46.31
2025,1,2025-01,Hounslow,Borough,Hounslow,E09000018,VIOLENCE AGAINST THE PERSON,211.6
2025,1,2025-01,Hounslow,Borough,Hounslow,E09000018,VIOLENCE AGAINST THE PERSON,25.25
2025,1,2025-01,Hounslow,Borough,Hounslow,E09000018,VIOLENCE AGAINST THE PERSON,474.81
2025,1,2025-01,Islington,Borough,Islington,E09000019,ARSON AND CRIMINAL DAMAGE,5.44
2025,1,2025-01,Islington,Borough,Islington,E09000019,MISCELLANEOUS CRIMES AGAINST SOCIETY,7.59
2025,1,2025-01,Islington,Borough,Islington,E09000019,PUBLIC ORDER OFFENCES,95.91
2025,1,2025-01,Islington,Borough,Islington,E09000019,ROBBERY,14.21
2025,1,2025-01,Islington,Borough,Islington,E09000019,ROBBERY,3.01
2025,1,2025-01,Islington,Borough,Islington,E09000019,ROBBERY,5.49
2025,1,2025-01,Islington,Borough,Islington,E09000019,SEXUAL OFFENCES,38.12
2025,1,2025-01,Islington,Borough,Islington,E09000019,THEFT,2.41
2025,1,2025-01,Islington,Borough,Islington,E09000019,VEHICLE OFFENCES,1.03
2025,1,2025-01,Islington,Borough,Islington,E09000019,VIOLENCE AGAINST THE PERSON,26.74
2025,1,2025-01,Kensington and Chelsea,Borough,Kensington and Chelsea,E09000020,DRUG OFFENCES,37.65
2025,1,2025-01,Kensington and Chelsea,Borough,Kensington and Chelsea,E09000020,DRUG OFFENCES,42.51
2025,1,2025-01,Kensington and Chelsea,Borough,Kensington and Chelsea,E09000020,PUBLIC ORDER OFFENCES,2.66
2025,1,2025-01,Kensington and Chelsea,Borough,Kensington and Chelsea,E09000020,PUBLIC ORDER OFFENCES,16.07
2025,1,2025-01,Kensington and Chelsea,Borough,Kensington and Chelsea,E09000020,VEHICLE OFFENCES,22.7
2025,1,2025-01,Kensington and Chelsea,Borough,Kensington and Chelsea,E09000020,VIOLENCE AGAINST THE PERSON,87.72
2025,1,2025-01,Kingston upon Thames,Borough,Kingston upon Thames,E09000021,BURGLARY,37.15
2025,1,2025-01,Kingston upon Thames,Borough,Kingston upon Thames,E09000021,DRUG OFFENCES,41.97
2025,1,2025-01,Kingston upon Thames,Borough,Kingston upon Thames,E09000021,MISCELLANEOUS CRIMES AGAINST SOCIETY,9.91
2025,1,2025-01,Kingston upon Thames,Borough,Kingston upon Thames,E09000021,PUBLIC ORDER OFFENCES,7.77
2025,1,2025-01,Kingston upon Thames,Borough,Kingston upon Thames,E09000021,PUBLIC ORDER OFFENCES,9.84
2025,1,2025-01,Kingston upon Thames,Borough,Kingston upon Thames,E09000021,THEFT,93.75
2025,1,2025-01,Kingston upon Thames,Borough,Kingston upon Thames,E09000021,VIOLENCE AGAINST THE PERSON,199.36
2025,1,2025-01,Lambeth,Borough,Lambeth,E09000022,ARSON AND CRIMINAL DAMAGE,178.65
2025,1,2025-01,Lambeth,Borough,Lambeth,E09000022,POSSESSION OF WEAPONS,11.62
2025,1,2025-01,Lambeth,Borough,Lambeth,E09000022,PUBLIC ORDER OFFENCES,107.17
2025,1,2025-01,Lambeth,Borough,Lambeth,E09000022,PUBLIC ORDER OFFENCES,4.63
2025,1,2025-01,Lambeth,Borough,Lambeth,E09000022,ROBBERY,27.25
2025,1,2025-01,Lambeth,Borough,Lambeth,E09000022,ROBBERY,2.49
2025,1,2025-01,Lambeth,Borough,Lambeth,E09000022,SEXUAL OFFENCES,49.48
2025,1,2025-01,Lambeth,Borough,Lambeth,E09000022,SEXUAL OFFENCES,6.59
2025,1,2025-01,Lambeth,Borough,Lambeth,E09000022,THEFT,59.36
2025,1,2025-01,Lambeth,Borough,Lambeth,E09000022,THEFT,1.5
2025,1,2025-01,Lambeth,Borough,Lambeth,E09000022,VEHICLE OFFENCES,2.37
2025,1,2025-01,Lewisham,Borough,Lewisham,E09000023,BURGLARY,2.88
2025,1,2025-01,Lewisham,Borough,Lewisham,E09000023,BURGLARY,130.14
2025,1,2025-01,Lewisham,Borough,Lewisham,E09000023,DRUG OFFENCES,29.17
2025,1,2025-01,Lewisham,Borough,Lewisham,E09000023,PUBLIC ORDER OFFENCES,2.77
2025,1,2025-01,Lewisham,Borough,Lewisham,E09000023,THEFT,3.51
2025,1,2025-01,Lewisham,Borough,Lewisham,E09000023,THEFT,159.67
2025,1,2025-01,Lewisham,Borough,Lewisham,E09000023,THEFT,25.34
2025,1,2025-01,Lewisham,Borough,Lewisham,E09000023,THEFT,94.36
2025,1,2025-01,Lewisham,Borough,Lewisham,E09000023,THEFT,2.17
2025,1,2025-01,Merton,Borough,Merton,E09000024,MISCELLANEOUS CRIMES AGAINST SOCIETY,4.7
2025,1,2025-01,Merton,Borough,Merton,E09000024,PUBLIC ORDER OFFENCES,42.64
2025,1,2025-01,Merton,Borough,Merton,E09000024,ROBBERY,9.7
2025,1,2025-01,Merton,Borough,Merton,E09000024,ROBBERY,2.8
2025,1,2025-01,Merton,Borough,Merton,E09000024,THEFT,22.1
2025,1,2025-01,Merton,Borough,Merton,E09000024,VIOLENCE AGAINST THE PERSON,108.09
2025,1,2025-01,Merton,Borough,Merton,E09000024,VIOLENCE AGAINST THE PERSON,271.36
2025,1,2025-01,Newham,Borough,Newham,E09000025,BURGLARY,3.59
2025,1,2025-01,Newham,Borough,Newham,E09000025,DRUG OFFENCES,26.88
2025,1,2025-01,Newham,Borough,Newham,E09000025,DRUG OFFENCES,4.66
2025,1,2025-01,Newham,Borough,Newham,E09000025,PUBLIC ORDER OFFENCES,29.18
2025,1,2025-01,Newham,Borough,Newham,E09000025,THEFT,4.56
2025,1,2025-01,Newham,Borough,Newham,E09000025,VEHICLE OFFENCES,1.38
2025,1,2025-01,Redbridge,Borough,Redbridge,E09000026,PUBLIC ORDER OFFENCES,16.4
2025,1,2025-01,Redbridge,Borough,Redbridge,E09000026,ROBBERY,3.58
2025,1,2025-01,Redbridge,Borough,Redbridge,E09000026,SEXUAL OFFENCES,1.14
2025,1,2025-01,Redbridge,Borough,Redbridge,E09000026,THEFT,236.25
2025,1,2025-01,Redbridge,Borough,Redbridge,E09000026,THEFT,102.17
2025,1,2025-01,Redbridge,Borough,Redbridge,E09000026,VIOLENCE AGAINST THE PERSON,28.55
2025,1,2025-01,Richmond upon Thames,Borough,Richmond upon Thames,E09000027,ARSON AND CRIMINAL DAMAGE,4.77
2025,1,2025-01,Richmond upon Thames,Borough,Richmond upon Thames,E09000027,DRUG OFFENCES,20
2025,1,2025-01,Richmond upon Thames,Borough,Richmond upon Thames,E09000027,MISCELLANEOUS CRIMES AGAINST SOCIETY,8.08
2025,1,2025-01,Richmond upon Thames,Borough,Richmond upon Thames,E09000027,MISCELLANEOUS CRIMES AGAINST SOCIETY,3.29
2025,1,2025-01,Richmond upon Thames,Borough,Richmond upon Thames,E09000027,SEXUAL OFFENCES,9.82
2025,1,2025-01,Southwark,Borough,Southwark,E09000028,DRUG OFFENCES,27.76
2025,1,2025-01,Southwark,Borough,Southwark,E09000028,ROBBERY,3.34
2025,1,2025-01,Southwark,Borough,Southwark,E09000028,ROBBERY,9.18
2025,1,2025-01,Southwark,Borough,Southwark,E09000028,SEXUAL OFFENCES,1.5
2025,1,2025-01,Southwark,Borough,Southwark,E09000028,THEFT,132.55
2025,1,2025-01,Southwark,Borough,Southwark,E09000028,THEFT,3.92
2025,1,2025-01,Southwark,Borough,Southwark,E09000028,VEHICLE OFFENCES,145.05
2025,1,2025-01,Southwark,Borough,Southwark,E09000028,VIOLENCE AGAINST THE PERSON,226.55
2025,1,2025-01,Sutton,Borough,Sutton,E09000029,BURGLARY,20.49
2025,1,2025-01,Sutton,Borough,Sutton,E09000029,DRUG OFFENCES,25.61
2025,1,2025-01,Sutton,Borough,Sutton,E09000029,DRUG OFFENCES,30.62
2025,1,2025-01,Sutton,Borough,Sutton,E09000029,MISCELLANEOUS CRIMES AGAINST SOCIETY,3.11
2025,1,2025-01,Sutton,Borough,Sutton,E09000029,PUBLIC ORDER OFFENCES,3.11
2025,1,2025-01,Sutton,Borough,Sutton,E09000029,PUBLIC ORDER OFFENCES,1.45
2025,1,2025-01,Sutton,Borough,Sutton,E09000029,THEFT,31.34
2025,1,2025-01,Sutton,Borough,Sutton,E09000029,VEHICLE OFFENCES,1.04
2025,1,2025-01,Sutton,Borough,Sutton,E09000029,VEHICLE OFFENCES,25.72
2025,1,2025-01,Tower Hamlets,Borough,Tower Hamlets,E09000030,BURGLARY,95.18
2025,1,2025-01,Tower Hamlets,Borough,Tower Hamlets,E09000030,DRUG OFFENCES,26.79
2025,1,2025-01,Tower Hamlets,Borough,Tower Hamlets,E09000030,SEXUAL OFFENCES,4.89
2025,1,2025-01,Tower Hamlets,Borough,Tower Hamlets,E09000030,THEFT,2.96
2025,1,2025-01,Tower Hamlets,Borough,Tower Hamlets,E09000030,VIOLENCE AGAINST THE PERSON,32.57
2025,1,2025-01,Waltham Forest,Borough,Waltham Forest,E09000031,BURGLARY,3.45
2025,1,2025-01,Waltham Forest,Borough,Waltham Forest,E09000031,MISCELLANEOUS CRIMES AGAINST SOCIETY,4.43
2025,1,2025-01,Waltham Forest,Borough,Waltham Forest,E09000031,POSSESSION OF WEAPONS,17.32
2025,1,2025-01,Waltham Forest,Borough,Waltham Forest,E09000031,ROBBERY,2.51
2025,1,2025-01,Waltham Forest,Borough,Waltham Forest,E09000031,SEXUAL OFFENCES,1.6
2025,1,2025-01,Wandsworth,Borough,Wandsworth,E09000032,BURGLARY,10.19
2025,1,2025-01,Wandsworth,Borough,Wandsworth,E09000032,MISCELLANEOUS CRIMES AGAINST SOCIETY,29.11
2025,1,2025-01,Wandsworth,Borough,Wandsworth,E09000032,PUBLIC ORDER OFFENCES,11.24
2025,1,2025-01,Wandsworth,Borough,Wandsworth,E09000032,SEXUAL OFFENCES,4.16
2025,1,2025-01,Wandsworth,Borough,Wandsworth,E09000032,THEFT,59.99
2025,1,2025-01,Wandsworth,Borough,Wandsworth,E09000032,THEFT,2.17
2025,1,2025-01,Wandsworth,Borough,Wandsworth,E09000032,VEHICLE OFFENCES,37.66
2025,1,2025-01,Wandsworth,Borough,Wandsworth,E09000032,VEHICLE OFFENCES,1.3
2025,1,2025-01,Wandsworth,Borough,Wandsworth,E09000032,VEHICLE OFFENCES,2.41
2025,1,2025-01,Wandsworth,Borough,Wandsworth,E09000032,VIOLENCE AGAINST THE PERSON,26.86
2025,1,2025-01,Westminster,Borough,Westminster,E09000033,ARSON AND CRIMINAL DAMAGE,15.16
2025,1,2025-01,Westminster,Borough,Westminster,E09000033,BURGLARY,130.68
2025,1,2025-01,Westminster,Borough,Westminster,E09000033,DRUG OFFENCES,159.32
2025,1,2025-01,Westminster,Borough,Westminster,E09000033,DRUG OFFENCES,21.79
2025,1,2025-01,Westminster,Borough,Westminster,E09000033,POSSESSION OF WEAPONS,23.75
2025,1,2025-01,Westminster,Borough,Westminster,E09000033,PUBLIC ORDER OFFENCES,10
2025,1,2025-01,Westminster,Borough,Westminster,E09000033,SEXUAL OFFENCES,1.55
2025,1,2025-01,Westminster,Borough,Westminster,E09000033,THEFT,1846.44
2025,1,2025-01,Westminster,Borough,Westminster,E09000033,VEHICLE OFFENCES,24.23
2025,1,2025-01,Westminster,Borough,Westminster,E09000033,VEHICLE OFFENCES,256.26
2025,1,2025-01,Westminster,Borough,Westminster,E09000033,VEHICLE OFFENCES,49.66
2025,1,2025-01,Other / NK,Safer Neighbourhood Teams,Aviation Security,E05013570,ARSON AND CRIMINAL DAMAGE,2.49
2025,1,2025-01,Other / NK,Safer Neighbourhood Teams,Aviation Security,E05013570,ARSON AND CRIMINAL DAMAGE,1.35
2025,1,2025-01,Other / NK,Safer Neighbourhood Teams,Aviation Security,E05013570,DRUG OFFENCES,5.32
2025,1,2025-01,Other / NK,Safer Neighbourhood Teams,Aviation Security,E05013570,PUBLIC ORDER OFFENCES,1.16
2025,1,2025-01,Other / NK,Safer Neighbourhood Teams,Aviation Security,E05013570,SEXUAL OFFENCES,3.38
2025,1,2025-01,Other / NK,Safer Neighbourhood Teams,Aviation Security,E05013570,SEXUAL OFFENCES,3.26
2025,1,2025-01,Other / NK,Safer Neighbourhood Teams,Aviation Security,E05013570,THEFT,5.63
2025,1,2025-01,Other / NK,Safer Neighbourhood Teams,Aviation Security,E05013570,VEHICLE OFFENCES,13.69
2025,1,2025-01,Abbey,Safer Neighbourhood Teams,Barking and Dagenham Abbey,E05014053,ARSON AND CRIMINAL DAMAGE,9.4
2025,1,2025-01,Abbey,Safer Neighbourhood Teams,Barking and Dagenham Abbey,E05014053,BURGLARY,1.03
2025,1,2025-01,Abbey,Safer Neighbourhood Teams,Barking and Dagenham Abbey,E05014053,DRUG OFFENCES,8.62
2025,1,2025-01,Abbey,Safer Neighbourhood Teams,Barking and Dagenham Abbey,E05014053,SEXUAL OFFENCES,1.46
2025,1,2025-01,Abbey,Safer Neighbourhood Teams,Barking and Dagenham Abbey,E05014053,VIOLENCE AGAINST THE PERSON,12.16
2025,1,2025-01,Alibon,Safer Neighbourhood Teams,Barking and Dagenham Alibon,E05014054,DRUG OFFENCES,1.95
2025,1,2025-01,Alibon,Safer Neighbourhood Teams,Barking and Dagenham Alibon,E05014054,MISCELLANEOUS CRIMES AGAINST SOCIETY,1.3
2025,1,2025-01,Alibon,Safer Neighbourhood Teams,Barking and Dagenham Alibon,E05014054,THEFT,4.69
2025,1,2025-01,Barking Riverside,Safer Neighbourhood Teams,Barking and Dagenham Barking Riverside,E05014055,POSSESSION OF WEAPONS,1.22
2025,1,2025-01,Beam,Safer Neighbourhood Teams,Barking and Dagenham Beam,E05014056,ARSON AND CRIMINAL DAMAGE,5.27
2025,1,2025-01,Beam,Safer Neighbourhood Teams,Barking and Dagenham Beam,E05014056,DRUG OFFENCES,1.98
2025,1,2025-01,Beam,Safer Neighbourhood Teams,Barking and Dagenham Beam,E05014056,VEHICLE OFFENCES,1.65
2025,1,2025-01,Beam,Safer Neighbourhood Teams,Barking and Dagenham Beam,E05014056,VEHICLE OFFENCES,4.35
2025,1,2025-01,Beam,Safer Neighbourhood Teams,Barking and Dagenham Beam,E05014056,VIOLENCE AGAINST THE PERSON,12.87
2025,1,2025-01,Beam,Safer Neighbourhood Teams,Barking and Dagenham Beam,E05014056,VIOLENCE AGAINST THE PERSON,2.15
2025,1,2025-01,Becontree,Safer Neighbourhood Teams,Barking and Dagenham Becontree,E05014057,MISCELLANEOUS CRIMES AGAINST SOCIETY,1.84
2025,1,2025-01,Becontree,Safer Neighbourhood Teams,Barking and Dagenham Becontree,E05014057,MISCELLANEOUS CRIMES AGAINST SOCIETY,1.85
2025,1,2025-01,Becontree,Safer Neighbourhood Teams,Barking and Dagenham Becontree,E05014057,VEHICLE OFFENCES,4.77
2025,1,2025-01,Becontree,Safer Neighbourhood Teams,Barking and Dagenham Becontree,E05014057,VIOLENCE AGAINST THE PERSON,17.11
2025,1,2025-01,Chadwell Heath,Safer Neighbourhood Teams,Barking and Dagenham Chadwell Heath,E05014058,ARSON AND CRIMINAL DAMAGE,8.86
2025,1,2025-01,Chadwell Heath,Safer Neighbourhood Teams,Barking and Dagenham Chadwell Heath,E05014058,THEFT,1.56
2025,1,2025-01,Chadwell Heath,Safer Neighbourhood Teams,Barking and Dagenham Chadwell Heath,E05014058,VIOLENCE AGAINST THE PERSON,2.39
2025,1,2025-01,Eastbrook & Rush Green,Safer Neighbourhood Teams,Barking and Dagenham Eastbrook & Rush Green,E05014059,BURGLARY,4.93
2025,1,2025-01,Eastbrook & Rush Green,Safer Neighbourhood Teams,Barking and Dagenham Eastbrook & Rush Green,E05014059,PUBLIC ORDER OFFENCES,1.01
2025,1,2025-01,Eastbrook & Rush Green,Safer Neighbourhood Teams,Barking and Dagenham Eastbrook & Rush Green,E05014059,VIOLENCE AGAINST THE PERSON,16.72
2025,1,2025-01,Eastbury,Safer Neighbourhood Teams,Barking and Dagenham Eastbury,E05014060,DRUG OFFENCES,1.65
2025,1,2025-01,Eastbury,Safer Neighbourhood Teams,Barking and Dagenham Eastbury,E05014060,THEFT,1.85
2025,1,2025-01,Eastbury,Safer Neighbourhood Teams,Barking and Dagenham Eastbury,E05014060,VEHICLE OFFENCES,4.43
2025,1,2025-01,Eastbury,Safer Neighbourhood Teams,Barking and Dagenham Eastbury,E05014060,VIOLENCE AGAINST THE PERSON,1.38
2025,1,2025-01,Gascoigne,Safer Neighbourhood Teams,Barking and Dagenham Gascoigne,E05014061,ARSON AND CRIMINAL DAMAGE,9.5
2025,1,2025-01,Gascoigne,Safer Neighbourhood Teams,Barking and Dagenham Gascoigne,E05014061,DRUG OFFENCES,2.82
2025,1,2025-01,Gascoigne,Safer Neighbourhood Teams,Barking and Dagenham Gascoigne,E05014061,PUBLIC ORDER OFFENCES,1.31
2025,1,2025-01,Gascoigne,Safer Neighbourhood Teams,Barking and Dagenham Gascoigne,E05014061,THEFT,1.2
2025,1,2025-01,Gascoigne,Safer Neighbourhood Teams,Barking and Dagenham Gascoigne,E05014061,VIOLENCE AGAINST THE PERSON,9.54
2025,1,2025-01,Goresbrook,Safer Neighbourhood Teams,Barking and Dagenham Goresbrook,E05014062,ARSON AND CRIMINAL DAMAGE,10.56
2025,1,2025-01,Goresbrook,Safer Neighbourhood Teams,Barking and Dagenham Goresbrook,E05014062,PUBLIC ORDER OFFENCES,1.75
2025,1,2025-01,Goresbrook,Safer Neighbourhood Teams,Barking and Dagenham Goresbrook,E05014062,ROBBERY,1.69
2025,1,2025-01,Goresbrook,Safer Neighbourhood Teams,Barking and Dagenham Goresbrook,E05014062,THEFT,1.09
2025,1,2025-01,Goresbrook,Safer Neighbourhood Teams,Barking and Dagenham Goresbrook,E05014062,VIOLENCE AGAINST THE PERSON,11.68
2025,1,2025-01,Heath,Safer Neighbourhood Teams,Barking and Dagenham Heath,E05014063,BURGLARY,2.86
2025,1,2025-01,Longbridge,Safer Neighbourhood Teams,Barking and Dagenham Longbridge,E05014064,DRUG OFFENCES,2.18
2025,1,2025-01,Longbridge,Safer Neighbourhood Teams,Barking and Dagenham Longbridge,E05014064,THEFT,4.41
2025,1,2025-01,Mayesbrook,Safer Neighbourhood Teams,Barking and Dagenham Mayesbrook,E05014065,DRUG OFFENCES,1.53
2025,1,2025-01,Mayesbrook,Safer Neighbourhood Teams,Barking and Dagenham Mayesbrook,E05014065,THEFT,5.11
2025,1,2025-01,Mayesbrook,Safer Neighbourhood Teams,Barking and Dagenham Mayesbrook,E05014065,THEFT,1.22
2025,1,2025-01,Mayesbrook,Safer Neighbourhood Teams,Barking and Dagenham Mayesbrook,E05014065,VEHICLE OFFENCES,4.23
2025,1,2025-01,Northbury,Safer Neighbourhood Teams,Barking and Dagenham Northbury,E05014066,ARSON AND CRIMINAL DAMAGE,9.59
2025,1,2025-01,Northbury,Safer Neighbourhood Teams,Barking and Dagenham Northbury,E05014066,THEFT,11.92
2025,1,2025-01,Northbury,Safer Neighbourhood Teams,Barking and Dagenham Northbury,E05014066,VEHICLE OFFENCES,5.24
2025,1,2025-01,Parsloes,Safer Neighbourhood Teams,Barking and Dagenham Parsloes,E05014067,ARSON AND CRIMINAL DAMAGE,1.14
2025,1,2025-01,Parsloes,Safer Neighbourhood Teams,Barking and Dagenham Parsloes,E05014067,DRUG OFFENCES,1.64
2025,1,2025-01,Parsloes,Safer Neighbourhood Teams,Barking and Dagenham Parsloes,E05014067,SEXUAL OFFENCES,1.92
2025,1,2025-01,Thames View,Safer Neighbourhood Teams,Barking and Dagenham Thames View,E05014068,BURGLARY,1.31
2025,1,2025-01,Valence,Safer Neighbourhood Teams,Barking and Dagenham Valence,E05014069,DRUG OFFENCES,1.41
2025,1,2025-01,Valence,Safer Neighbourhood Teams,Barking and Dagenham Valence,E05014069,POSSESSION OF WEAPONS,1.08
2025,1,2025-01,Valence,Safer Neighbourhood Teams,Barking and Dagenham Valence,E05014069,PUBLIC ORDER OFFENCES,1.04
2025,1,2025-01,Village,Safer Neighbourhood Teams,Barking and Dagenham Village,E05014070,BURGLARY,1.75
2025,1,2025-01,Village,Safer Neighbourhood Teams,Barking and Dagenham Village,E05014070,MISCELLANEOUS CRIMES AGAINST SOCIETY,1.07
2025,1,2025-01,Village,Safer Neighbourhood Teams,Barking and Dagenham Village,E05014070,PUBLIC ORDER OFFENCES,1.25
2025,1,2025-01,Village,Safer Neighbourhood Teams,Barking and Dagenham Village,E05014070,SEXUAL OFFENCES,1.33
2025,1,2025-01,Village,Safer Neighbourhood Teams,Barking and Dagenham Village,E05014070,VIOLENCE AGAINST THE PERSON,2.38
2025,1,2025-01,Whalebone,Safer Neighbourhood Teams,Barking and Dagenham Whalebone,E05014071,PUBLIC ORDER OFFENCES,3.65
2025,1,2025-01,Whalebone,Safer Neighbourhood Teams,Barking and Dagenham Whalebone,E05014071,SEXUAL OFFENCES,3.38
2025,1,2025-01,Whalebone,Safer Neighbourhood Teams,Barking and Dagenham Whalebone,E05014071,SEXUAL OFFENCES,1.13
2025,1,2025-01,Whalebone,Safer Neighbourhood Teams,Barking and Dagenham Whalebone,E05014071,VIOLENCE AGAINST THE PERSON,12.23
2025,1,2025-01,Whalebone,Safer Neighbourhood Teams,Barking and Dagenham Whalebone,E05014071,VIOLENCE AGAINST THE PERSON,22.37
2025,1,2025-01,Barnet Vale,Safer Neighbourhood Teams,Barnet Barnet Vale,E05013628,BURGLARY,6.74
2025,1,2025-01,Barnet Vale,Safer Neighbourhood Teams,Barnet Barnet Vale,E05013628,THEFT,9.14
2025,1,2025-01,Brunswick Park,Safer Neighbourhood Teams,Barnet Brunswick Park,E05013629,ARSON AND CRIMINAL DAMAGE,2.96
2025,1,2025-01,Brunswick Park,Safer Neighbourhood Teams,Barnet Brunswick Park,E05013629,ARSON AND CRIMINAL DAMAGE,1.01
2025,1,2025-01,Brunswick Park,Safer Neighbourhood Teams,Barnet Brunswick Park,E05013629,DRUG OFFENCES,2.84
2025,1,2025-01,Brunswick Park,Safer Neighbourhood Teams,Barnet Brunswick Park,E05013629,SEXUAL OFFENCES,1.31
2025,1,2025-01,Brunswick Park,Safer Neighbourhood Teams,Barnet Brunswick Park,E05013629,VEHICLE OFFENCES,11.38
2025,1,2025-01,Brunswick Park,Safer Neighbourhood Teams,Barnet Brunswick Park,E05013629,VEHICLE OFFENCES,5.35
2025,1,2025-01,Burnt Oak,Safer Neighbourhood Teams,Barnet Burnt Oak,E05013630,DRUG OFFENCES,6.84
2025,1,2025-01,Burnt Oak,Safer Neighbourhood Teams,Barnet Burnt Oak,E05013630,DRUG OFFENCES,2.93
2025,1,2025-01,Burnt Oak,Safer Neighbourhood Teams,Barnet Burnt Oak,E05013630,THEFT,4
2025,1,2025-01,Burnt Oak,Safer Neighbourhood Teams,Barnet Burnt Oak,E05013630,VEHICLE OFFENCES,8.21
2025,1,2025-01,Burnt Oak,Safer Neighbourhood Teams,Barnet Burnt Oak,E05013630,VEHICLE OFFENCES,4.45
2025,1,2025-01,Childs Hill,Safer Neighbourhood Teams,Barnet Childs Hill,E05013631,DRUG OFFENCES,3.06
2025,1,2025-01,Childs Hill,Safer Neighbourhood Teams,Barnet Childs Hill,E05013631,PUBLIC ORDER OFFENCES,1.67
2025,1,2025-01,Childs Hill,Safer Neighbourhood Teams,Barnet Childs Hill,E05013631,SEXUAL OFFENCES,2.03
2025,1,2025-01,Childs Hill,Safer Neighbourhood Teams,Barnet Childs Hill,E05013631,SEXUAL OFFENCES,1.01
2025,1,2025-01,Colindale North,Safer Neighbourhood Teams,Barnet Colindale North,E05013632,BURGLARY,4.06
2025,1,2025-01,Colindale North,Safer Neighbourhood Teams,Barnet Colindale North,E05013632,DRUG OFFENCES,2.02
2025,1,2025-01,Colindale North,Safer Neighbourhood Teams,Barnet Colindale North,E05013632,POSSESSION OF WEAPONS,2.2
2025,1,2025-01,Colindale North,Safer Neighbourhood Teams,Barnet Colindale North,E05013632,PUBLIC ORDER OFFENCES,1.77
2025,1,2025-01,Colindale North,Safer Neighbourhood Teams,Barnet Colindale North,E05013632,VEHICLE OFFENCES,1.34
2025,1,2025-01,Colindale North,Safer Neighbourhood Teams,Barnet Colindale North,E05013632,VIOLENCE AGAINST THE PERSON,8.52
2025,1,2025-01,Colindale North,Safer Neighbourhood Teams,Barnet Colindale North,E05013632,VIOLENCE AGAINST THE PERSON,10.65
2025,1,2025-01,Colindale South,Safer Neighbourhood Teams,Barnet Colindale South,E05013633,MISCELLANEOUS CRIMES AGAINST SOCIETY,1.13
2025,1,2025-01,Colindale South,Safer Neighbourhood Teams,Barnet Colindale South,E05013633,SEXUAL OFFENCES,2.9
2025,1,2025-01,Cricklewood,Safer Neighbourhood Teams,Barnet Cricklewood,E05013634,BURGLARY,9.12
2025,1,2025-01,Cricklewood,Safer Neighbourhood Teams,Barnet Cricklewood,E05013634,PUBLIC ORDER OFFENCES,4.24
2025,1,2025-01,Cricklewood,Safer Neighbourhood Teams,Barnet Cricklewood,E05013634,SEXUAL OFFENCES,1.71
2025,1,2025-01,Cricklewood,Safer Neighbourhood Teams,Barnet Cricklewood,E05013634,THEFT,1
2025,1,2025-01,Cricklewood,Safer Neighbourhood Teams,Barnet Cricklewood,E05013634,VIOLENCE AGAINST THE PERSON,1.88
2025,1,2025-01,East Barnet,Safer Neighbourhood Teams,Barnet East Barnet,E05013635,ROBBERY,1.03
2025,1,2025-01,East Barnet,Safer Neighbourhood Teams,Barnet East Barnet,E05013635,ROBBERY,2.38
2025,1,2025-01,East Barnet,Safer Neighbourhood Teams,Barnet East Barnet,E05013635,ROBBERY,1.9
2025,1,2025-01,East Barnet,Safer Neighbourhood Teams,Barnet East Barnet,E05013635,THEFT,2.73
2025,1,2025-01,East Barnet,Safer Neighbourhood Teams,Barnet East Barnet,E05013635,VIOLENCE AGAINST THE PERSON,19.77
2025,1,2025-01,East Finchley,Safer Neighbourhood Teams,Barnet East Finchley,E05013636,DRUG OFFENCES,1.52
2025,1,2025-01,East Finchley,Safer Neighbourhood Teams,Barnet East Finchley,E05013636,ROBBERY,1.96
2025,1,2025-01,East Finchley,Safer Neighbourhood Teams,Barnet East Finchley,E05013636,VEHICLE OFFENCES,4.39
2025,1,2025-01,Edgware,Safer Neighbourhood Teams,Barnet Edgware,E05013637,THEFT,20.19
2025,1,2025-01,Edgware,Safer Neighbourhood Teams,Barnet Edgware,E05013637,THEFT,7.59
2025,1,2025-01,Edgware,Safer Neighbourhood Teams,Barnet Edgware,E05013637,VEHICLE OFFENCES,6.21
2025,1,2025-01,Edgwarebury,Safer Neighbourhood Teams,Barnet Edgwarebury,E05013638,PUBLIC ORDER OFFENCES,1.58
2025,1,2025-01,Finchley Church End,Safer Neighbourhood Teams,Barnet Finchley Church End,E05013639,ROBBERY,3.25
2025,1,2025-01,Finchley Church End,Safer Neighbourhood Teams,Barnet Finchley Church End,E05013639,VIOLENCE AGAINST THE PERSON,1.2
2025,1,2025-01,Friern Barnet,Safer Neighbourhood Teams,Barnet Friern Barnet,E05013640,PUBLIC ORDER OFFENCES,3.97
2025,1,2025-01,Friern Barnet,Safer Neighbourhood Teams,Barnet Friern Barnet,E05013640,VIOLENCE AGAINST THE PERSON,1.09
2025,1,2025-01,Garden Suburb,Safer Neighbourhood Teams,Barnet Garden Suburb,E05013641,ROBBERY,2.29
2025,1,2025-01,Garden Suburb,Safer Neighbourhood Teams,Barnet Garden Suburb,E05013641,VEHICLE OFFENCES,7.73
2025,1,2025-01,Garden Suburb,Safer Neighbourhood Teams,Barnet Garden Suburb,E05013641,VIOLENCE AGAINST THE PERSON,2.12
2025,1,2025-01,Garden Suburb,Safer Neighbourhood Teams,Barnet Garden Suburb,E05013641,VIOLENCE AGAINST THE PERSON,11.56
2025,1,2025-01,Garden Suburb,Safer Neighbourhood Teams,Barnet Garden Suburb,E05013641,VIOLENCE AGAINST THE PERSON,1.02
2025,1,2025-01,Golders Green,Safer Neighbourhood Teams,Barnet Golders Green,E05013642,ARSON AND CRIMINAL DAMAGE,4.99
2025,1,2025-01,Golders Green,Safer Neighbourhood Teams,Barnet Golders Green,E05013642,BURGLARY,3.32
2025,1,2025-01,Golders Green,Safer Neighbourhood Teams,Barnet Golders Green,E05013642,THEFT,2.74
2025,1,2025-01,Golders Green,Safer Neighbourhood Teams,Barnet Golders Green,E05013642,VEHICLE OFFENCES,1.56
2025,1,2025-01,Golders Green,Safer Neighbourhood Teams,Barnet Golders Green,E05013642,VEHICLE OFFENCES,7.91
2025,1,2025-01,Hendon,Safer Neighbourhood Teams,Barnet Hendon,E05013643,ARSON AND CRIMINAL DAMAGE,1.04
2025,1,2025-01,Hendon,Safer Neighbourhood Teams,Barnet Hendon,E05013643,PUBLIC ORDER OFFENCES,1.12
2025,1,2025-01,Hendon,Safer Neighbourhood Teams,Barnet Hendon,E05013643,ROBBERY,5.71
2025,1,2025-01,Hendon,Safer Neighbourhood Teams,Barnet Hendon,E05013643,SEXUAL OFFENCES,1.35
2025,1,2025-01,Hendon,Safer Neighbourhood Teams,Barnet Hendon,E05013643,VEHICLE OFFENCES,3.19
2025,1,2025-01,Hendon,Safer Neighbourhood Teams,Barnet Hendon,E05013643,VIOLENCE AGAINST THE PERSON,32.24
2025,1,2025-01,High Barnet,Safer Neighbourhood Teams,Barnet High Barnet,E05013644,PUBLIC ORDER OFFENCES,3.04
2025,1,2025-01,High Barnet,Safer Neighbourhood Teams,Barnet High Barnet,E05013644,THEFT,5.41
2025,1,2025-01,High Barnet,Safer Neighbourhood Teams,Barnet High Barnet,E05013644,VIOLENCE AGAINST THE PERSON,1.03
2025,1,2025-01,Mill Hill,Safer Neighbourhood Teams,Barnet Mill Hill,E05013645,BURGLARY,5.47
2025,1,2025-01,Mill Hill,Safer Neighbourhood Teams,Barnet Mill Hill,E05013645,PUBLIC ORDER OFFENCES,3.19
2025,1,2025-01,Mill Hill,Safer Neighbourhood Teams,Barnet Mill Hill,E05013645,SEXUAL OFFENCES,1.2
2025,1,2025-01,Mill Hill,Safer Neighbourhood Teams,Barnet Mill Hill,E05013645,VEHICLE OFFENCES,1.43
2025,1,2025-01,Mill Hill,Safer Neighbourhood Teams,Barnet Mill Hill,E05013645,VIOLENCE AGAINST THE PERSON,15.49
2025,1,2025-01,Underhill,Safer Neighbourhood Teams,Barnet Underhill,E05013647,ARSON AND CRIMINAL DAMAGE,1.07
2025,1,2025-01,Underhill,Safer Neighbourhood Teams,Barnet Underhill,E05013647,PUBLIC ORDER OFFENCES,1.97
2025,1,2025-01,Underhill,Safer Neighbourhood Teams,Barnet Underhill,E05013647,ROBBERY,1.89
2025,1,2025-01,Underhill,Safer Neighbourhood Teams,Barnet Underhill,E05013647,VEHICLE OFFENCES,1.01
2025,1,2025-01,Underhill,Safer Neighbourhood Teams,Barnet Underhill,E05013647,VEHICLE OFFENCES,1.98
2025,1,2025-01,West Finchley,Safer Neighbourhood Teams,Barnet West Finchley,E05013648,ARSON AND CRIMINAL DAMAGE,1.07
2025,1,2025-01,West Finchley,Safer Neighbourhood Teams,Barnet West Finchley,E05013648,PUBLIC ORDER OFFENCES,4.37
2025,1,2025-01,West Finchley,Safer Neighbourhood Teams,Barnet West Finchley,E05013648,VEHICLE OFFENCES,8.77
2025,1,2025-01,West Hendon,Safer Neighbourhood Teams,Barnet West Hendon,E05013649,PUBLIC ORDER OFFENCES,5.37
2025,1,2025-01,West Hendon,Safer Neighbourhood Teams,Barnet West Hendon,E05013649,PUBLIC ORDER OFFENCES,1.35
2025,1,2025-01,West Hendon,Safer Neighbourhood Teams,Barnet West Hendon,E05013649,PUBLIC ORDER OFFENCES,1.15
2025,1,2025-01,West Hendon,Safer Neighbourhood Teams,Barnet West Hendon,E05013649,SEXUAL OFFENCES,1.93
2025,1,2025-01,West Hendon,Safer Neighbourhood Teams,Barnet West Hendon,E05013649,THEFT,16.27
2025,1,2025-01,West Hendon,Safer Neighbourhood Teams,Barnet West Hendon,E05013649,VEHICLE OFFENCES,1.01
2025,1,2025-01,West Hendon,Safer Neighbourhood Teams,Barnet West Hendon,E05013649,VIOLENCE AGAINST THE PERSON,3
2025,1,2025-01,Whetstone,Safer Neighbourhood Teams,Barnet Whetstone,E05013650,BURGLARY,1.07
2025,1,2025-01,Whetstone,Safer Neighbourhood Teams,Barnet Whetstone,E05013650,THEFT,2.32
2025,1,2025-01,Woodhouse,Safer Neighbourhood Teams,Barnet Woodhouse,E05013651,ARSON AND CRIMINAL DAMAGE,4.14
2025,1,2025-01,Woodhouse,Safer Neighbourhood Teams,Barnet Woodhouse,E05013651,BURGLARY,1.43
2025,1,2025-01,Woodhouse,Safer Neighbourhood Teams,Barnet Woodhouse,E05013651,PUBLIC ORDER OFFENCES,1.08
2025,1,2025-01,Woodhouse,Safer Neighbourhood Teams,Barnet Woodhouse,E05013651,SEXUAL OFFENCES,1.1
2025,1,2025-01,Woodhouse,Safer Neighbourhood Teams,Barnet Woodhouse,E05013651,VIOLENCE AGAINST THE PERSON,7.15
2025,1,2025-01,Belvedere,Safer Neighbourhood Teams,Bexley Belvedere,E05011218,PUBLIC ORDER OFFENCES,1.74
2025,1,2025-01,Belvedere,Safer Neighbourhood Teams,Bexley Belvedere,E05011218,PUBLIC ORDER OFFENCES,2.08
2025,1,2025-01,Belvedere,Safer Neighbourhood Teams,Bexley Belvedere,E05011218,THEFT,13.12
2025,1,2025-01,Bexleyheath,Safer Neighbourhood Teams,Bexley Bexleyheath,E05011219,ARSON AND CRIMINAL DAMAGE,9.59
2025,1,2025-01,Bexleyheath,Safer Neighbourhood Teams,Bexley Bexleyheath,E05011219,ARSON AND CRIMINAL DAMAGE,2.53
2025,1,2025-01,Bexleyheath,Safer Neighbourhood Teams,Bexley Bexleyheath,E05011219,THEFT,1.18
2025,1,2025-01,Bexleyheath,Safer Neighbourhood Teams,Bexley Bexleyheath,E05011219,THEFT,5.15
2025,1,2025-01,Blackfen & Lamorbey,Safer Neighbourhood Teams,Bexley Blackfen & Lamorbey,E05011220,SEXUAL OFFENCES,1.31
2025,1,2025-01,Blackfen & Lamorbey,Safer Neighbourhood Teams,Bexley Blackfen & Lamorbey,E05011220,THEFT,4.27
2025,1,2025-01,Blackfen & Lamorbey,Safer Neighbourhood Teams,Bexley Blackfen & Lamorbey,E05011220,VIOLENCE AGAINST THE PERSON,1.27
2025,1,2025-01,Blackfen & Lamorbey,Safer Neighbourhood Teams,Bexley Blackfen & Lamorbey,E05011220,VIOLENCE AGAINST THE PERSON,8.57
2025,1,2025-01,Blackfen & Lamorbey,Safer Neighbourhood Teams,Bexley Blackfen & Lamorbey,E05011220,VIOLENCE AGAINST THE PERSON,2.63
2025,1,2025-01,Blendon & Penhill,Safer Neighbourhood Teams,Bexley Blendon & Penhill,E05011221,POSSESSION OF WEAPONS,1.05
2025,1,2025-01,Blendon & Penhill,Safer Neighbourhood Teams,Bexley Blendon & Penhill,E05011221,PUBLIC ORDER OFFENCES,1.19
2025,1,2025-01,Blendon & Penhill,Safer Neighbourhood Teams,Bexley Blendon & Penhill,E05011221,VIOLENCE AGAINST THE PERSON,1.04
2025,1,2025-01,Blendon & Penhill,Safer Neighbourhood Teams,Bexley Blendon & Penhill,E05011221,VIOLENCE AGAINST THE PERSON,1
2025,1,2025-01,Crayford,Safer Neighbourhood Teams,Bexley Crayford,E05011222,POSSESSION OF WEAPONS,1.17
2025,1,2025-01,Crayford,Safer Neighbourhood Teams,Bexley Crayford,E05011222,VEHICLE OFFENCES,12.18
2025,1,2025-01,Crayford,Safer Neighbourhood Teams,Bexley Crayford,E05011222,VEHICLE OFFENCES,5.8
2025,1,2025-01,Crook Log,Safer Neighbourhood Teams,Bexley Crook Log,E05011223,BURGLARY,1.57
2025,1,2025-01,Crook Log,Safer Neighbourhood Teams,Bexley Crook Log,E05011223,DRUG OFFENCES,2.72
2025,1,2025-01,Crook Log,Safer Neighbourhood Teams,Bexley Crook Log,E05011223,ROBBERY,1.62
2025,1,2025-01,Crook Log,Safer Neighbourhood Teams,Bexley Crook Log,E05011223,SEXUAL OFFENCES,1.11
2025,1,2025-01,Crook Log,Safer Neighbourhood Teams,Bexley Crook Log,E05011223,VEHICLE OFFENCES,2.01
2025,1,2025-01,Crook Log,Safer Neighbourhood Teams,Bexley Crook Log,E05011223,VIOLENCE AGAINST THE PERSON,1.13
2025,1,2025-01,East Wickham,Safer Neighbourhood Teams,Bexley East Wickham,E05011224,BURGLARY,2.66
2025,1,2025-01,East Wickham,Safer Neighbourhood Teams,Bexley East Wickham,E05011224,PUBLIC ORDER OFFENCES,1.1
2025,1,2025-01,East Wickham,Safer Neighbourhood Teams,Bexley East Wickham,E05011224,SEXUAL OFFENCES,1.91
2025,1,2025-01,East Wickham,Safer Neighbourhood Teams,Bexley East Wickham,E05011224,VEHICLE OFFENCES,3.77
2025,1,2025-01,East Wickham,Safer Neighbourhood Teams,Bexley East Wickham,E05011224,VIOLENCE AGAINST THE PERSON,1.04
2025,1,2025-01,Erith,Safer Neighbourhood Teams,Bexley Erith,E05011225,DRUG OFFENCES,1.17
2025,1,2025-01,Erith,Safer Neighbourhood Teams,Bexley Erith,E05011225,POSSESSION OF WEAPONS,1.04
2025,1,2025-01,Erith,Safer Neighbourhood Teams,Bexley Erith,E05011225,POSSESSION OF WEAPONS,1.19
2025,1,2025-01,Erith,Safer Neighbourhood Teams,Bexley Erith,E05011225,VIOLENCE AGAINST THE PERSON,29.04
2025,1,2025-01,Erith,Safer Neighbourhood Teams,Bexley Erith,E05011225,VIOLENCE AGAINST THE PERSON,2.71
2025,1,2025-01,Falconwood & Welling,Safer Neighbourhood Teams,Bexley Falconwood & Welling,E05011226,BURGLARY,3.78
2025,1,2025-01,Falconwood & Welling,Safer Neighbourhood Teams,Bexley Falconwood & Welling,E05011226,MISCELLANEOUS CRIMES AGAINST SOCIETY,1.17
2025,1,2025-01,Falconwood & Welling,Safer Neighbourhood Teams,Bexley Falconwood & Welling,E05011226,PUBLIC ORDER OFFENCES,2.84
2025,1,2025-01,Falconwood & Welling,Safer Neighbourhood Teams,Bexley Falconwood & Welling,E05011226,ROBBERY,4.59
2025,1,2025-01,Falconwood & Welling,Safer Neighbourhood Teams,Bexley Falconwood & Welling,E05011226,SEXUAL OFFENCES,2.56
2025,1,2025-01,Falconwood & Welling,Safer Neighbourhood Teams,Bexley Falconwood & Welling,E05011226,THEFT,1.62
2025,1,2025-01,Falconwood & Welling,Safer Neighbourhood Teams,Bexley Falconwood & Welling,E05011226,VEHICLE OFFENCES,3.18
2025,1,2025-01,Falconwood & Welling,Safer Neighbourhood Teams,Bexley Falconwood & Welling,E05011226,VEHICLE OFFENCES,6.14
2025,1,2025-01,Northumberland Heath,Safer Neighbourhood Teams,Bexley Northumberland Heath,E05011228,THEFT,1.27
2025,1,2025-01,Northumberland Heath,Safer Neighbourhood Teams,Bexley Northumberland Heath,E05011228,THEFT,7.73
2025,1,2025-01,Northumberland Heath,Safer Neighbourhood Teams,Bexley Northumberland Heath,E05011228,VIOLENCE AGAINST THE PERSON,1.95
2025,1,2025-01,Sidcup,Safer Neighbourhood Teams,Bexley Sidcup,E05011230,THEFT,1.05
2025,1,2025-01,Sidcup,Safer Neighbourhood Teams,Bexley Sidcup,E05011230,VIOLENCE AGAINST THE PERSON,1.37
2025,1,2025-01,Sidcup,Safer Neighbourhood Teams,Bexley Sidcup,E05011230,VIOLENCE AGAINST THE PERSON,1.9
2025,1,2025-01,Slade Green & Northend,Safer Neighbourhood Teams,Bexley Slade Green & Northend,E05011231,MISCELLANEOUS CRIMES AGAINST SOCIETY,2.97
2025,1,2025-01,Slade Green & Northend,Safer Neighbourhood Teams,Bexley Slade Green & Northend,E05011231,POSSESSION OF WEAPONS,1.64
2025,1,2025-01,Slade Green & Northend,Safer Neighbourhood Teams,Bexley Slade Green & Northend,E05011231,PUBLIC ORDER OFFENCES,1.25
2025,1,2025-01,St Marys & St James,Safer Neighbourhood Teams,Bexley St Marys & St James,E05011229,BURGLARY,1.41
2025,1,2025-01,St Marys & St James,Safer Neighbourhood Teams,Bexley St Marys & St James,E05011229,VEHICLE OFFENCES,8.38
2025,1,2025-01,Thamesmead East,Safer Neighbourhood Teams,Bexley Thamesmead East,E05011232,ARSON AND CRIMINAL DAMAGE,1.31
2025,1,2025-01,Thamesmead East,Safer Neighbourhood Teams,Bexley Thamesmead East,E05011232,BURGLARY,2.9
2025,1,2025-01,Thamesmead East,Safer Neighbourhood Teams,Bexley Thamesmead East,E05011232,DRUG OFFENCES,3.6
2025,1,2025-01,Thamesmead East,Safer Neighbourhood Teams,Bexley Thamesmead East,E05011232,MISCELLANEOUS CRIMES AGAINST SOCIETY,3.17
2025,1,2025-01,Thamesmead East,Safer Neighbourhood Teams,Bexley Thamesmead East,E05011232,VEHICLE OFFENCES,8.07
2025,1,2025-01,West Heath,Safer Neighbourhood Teams,Bexley West Heath,E05011233,MISCELLANEOUS CRIMES AGAINST SOCIETY,1.61
2025,1,2025-01,West Heath,Safer Neighbourhood Teams,Bexley West Heath,E05011233,PUBLIC ORDER OFFENCES,2.16
2025,1,2025-01,West Heath,Safer Neighbourhood Teams,Bexley West Heath,E05011233,VEHICLE OFFENCES,1.89
2025,1,2025-01,Alperton,Safer Neighbourhood Teams,Brent Alperton,E05013496,ARSON AND CRIMINAL DAMAGE,5.68
2025,1,2025-01,Alperton,Safer Neighbourhood Teams,Brent Alperton,E05013496,VEHICLE OFFENCES,6.3
2025,1,2025-01,Alperton,Safer Neighbourhood Teams,Brent Alperton,E05013496,VEHICLE OFFENCES,4.16
2025,1,2025-01,Alperton,Safer Neighbourhood Teams,Brent Alperton,E05013496,VIOLENCE AGAINST THE PERSON,11.68
2025,1,2025-01,Alperton,Safer Neighbourhood Teams,Brent Alperton,E05013496,VIOLENCE AGAINST THE PERSON,1.76
2025,1,2025-01,Barnhill,Safer Neighbourhood Teams,Brent Barnhill,E05013497,ARSON AND CRIMINAL DAMAGE,4.5
2025,1,2025-01,Barnhill,Safer Neighbourhood Teams,Brent Barnhill,E05013497,DRUG OFFENCES,3.1
2025,1,2025-01,Barnhill,Safer Neighbourhood Teams,Brent Barnhill,E05013497,THEFT,3.07
2025,1,2025-01,Barnhill,Safer Neighbourhood Teams,Brent Barnhill,E05013497,VEHICLE OFFENCES,3.41
2025,1,2025-01,Barnhill,Safer Neighbourhood Teams,Brent Barnhill,E05013497,VEHICLE OFFENCES,6.34
2025,1,2025-01,Brondesbury Park,Safer Neighbourhood Teams,Brent Brondesbury Park,E05013498,MISCELLANEOUS CRIMES AGAINST SOCIETY,1.3
2025,1,2025-01,Brondesbury Park,Safer Neighbourhood Teams,Brent Brondesbury Park,E05013498,MISCELLANEOUS CRIMES AGAINST SOCIETY,1.72
2025,1,2025-01,Brondesbury Park,Safer Neighbourhood Teams,Brent Brondesbury Park,E05013498,THEFT,1.99
2025,1,2025-01,Brondesbury Park,Safer Neighbourhood Teams,Brent Brondesbury Park,E05013498,THEFT,1.06
2025,1,2025-01,Cricklewood & Mapesbury,Safer Neighbourhood Teams,Brent Cricklewood & Mapesbury,E05013499,BURGLARY,1.9
2025,1,2025-01,Cricklewood & Mapesbury,Safer Neighbourhood Teams,Brent Cricklewood & Mapesbury,E05013499,BURGLARY,1.58
2025,1,2025-01,Cricklewood & Mapesbury,Safer Neighbourhood Teams,Brent Cricklewood & Mapesbury,E05013499,DRUG OFFENCES,2.43
2025,1,2025-01,Cricklewood & Mapesbury,Safer Neighbourhood Teams,Brent Cricklewood & Mapesbury,E05013499,DRUG OFFENCES,3.49
2025,1,2025-01,Cricklewood & Mapesbury,Safer Neighbourhood Teams,Brent Cricklewood & Mapesbury,E05013499,POSSESSION OF WEAPONS,1.25